row_id,Age,Sex,ChestPainType,RestingBP,Cholesterol,FastingBS,RestingECG,MaxHR,ExerciseAngina,Oldpeak,ST_Slope,HeartDisease
76,32,M,ASY,118,529,0,Normal,130,N,0.0,Flat,1
109,39,M,ATA,190,241,0,Normal,106,N,0.0,Up,0
149,54,M,ASY,130,603,1,Normal,125,Y,1.0,Flat,1
166,50,M,ASY,140,231,0,ST,140,Y,5.0,Flat,1
241,54,M,ASY,200,198,0,Normal,142,Y,2.0,Flat,1
324,46,M,ASY,100,0,1,ST,133,N,-2.6,Flat,1
365,64,F,ASY,200,0,0,Normal,140,Y,1.0,Flat,1
390,51,M,ASY,140,0,0,Normal,60,N,0.0,Flat,1
399,61,M,NAP,200,0,1,ST,70,N,0.0,Flat,1
449,55,M,NAP,0,0,0,Normal,155,N,1.5,Flat,1
592,61,M,ASY,190,287,1,LVH,150,Y,2.0,Down,1
616,67,F,NAP,115,564,0,LVH,160,N,1.6,Flat,0
702,59,M,TA,178,270,0,LVH,145,N,4.2,Down,0
732,56,F,ASY,200,288,1,LVH,133,Y,4.0,Down,1
759,54,M,ATA,192,283,0,LVH,195,N,0.0,Up,1
771,55,M,ASY,140,217,0,Normal,111,Y,5.6,Down,1
791,51,M,ASY,140,298,0,Normal,122,Y,4.2,Flat,1
850,62,F,ASY,160,164,0,LVH,145,N,6.2,Down,1
900,58,M,ASY,114,318,0,ST,140,N,4.4,Down,1
