Classifier,Method,AUROC
Logistic Regression,None,0.8958818958818958
Logistic Regression,None,0.96015625
Logistic Regression,None,0.8890625000000001
Logistic Regression,None,0.934375
Logistic Regression,None,0.9125000000000001
Logistic Regression,None,0.9578125
Logistic Regression,None,0.97578125
Logistic Regression,None,0.8734375
Logistic Regression,None,0.9359375000000001
Logistic Regression,None,0.9046474358974359
Logistic Regression,SHAP,0.8508158508158508
Logistic Regression,SHAP,0.937890625
Logistic Regression,SHAP,0.8785156249999999
Logistic Regression,SHAP,0.905078125
Logistic Regression,SHAP,0.856640625
Logistic Regression,SHAP,0.934375
Logistic Regression,SHAP,0.92109375
Logistic Regression,SHAP,0.889453125
Logistic Regression,SHAP,0.92734375
Logistic Regression,SHAP,0.9022435897435898
Logistic Regression,F-Test,0.8181818181818181
Logistic Regression,F-Test,0.93984375
Logistic Regression,F-Test,0.859375
Logistic Regression,F-Test,0.903125
Logistic Regression,F-Test,0.8699218750000001
Logistic Regression,F-Test,0.95234375
Logistic Regression,F-Test,0.9375
Logistic Regression,F-Test,0.8625
Logistic Regression,F-Test,0.9140625
Logistic Regression,F-Test,0.909054487179487
Logistic Regression,Logistic L1,0.8741258741258741
Logistic Regression,Logistic L1,0.95859375
Logistic Regression,Logistic L1,0.9035156249999999
Logistic Regression,Logistic L1,0.880859375
Logistic Regression,Logistic L1,0.8738281250000001
Logistic Regression,Logistic L1,0.9281250000000001
Logistic Regression,Logistic L1,0.9203125000000001
Logistic Regression,Logistic L1,0.884765625
Logistic Regression,Logistic L1,0.91484375
Logistic Regression,Logistic L1,0.9046474358974359
Logistic Regression,Tree-Based,0.8632478632478633
Logistic Regression,Tree-Based,0.95546875
Logistic Regression,Tree-Based,0.9078125
Logistic Regression,Tree-Based,0.866015625
Logistic Regression,Tree-Based,0.8796875000000001
Logistic Regression,Tree-Based,0.9515625000000001
Logistic Regression,Tree-Based,0.9539062500000001
Logistic Regression,Tree-Based,0.8660156249999998
Logistic Regression,Tree-Based,0.892578125
Logistic Regression,Tree-Based,0.9114583333333333
Logistic Regression,RFE,0.8815073815073815
Logistic Regression,RFE,0.929296875
Logistic Regression,RFE,0.89453125
Logistic Regression,RFE,0.9066406250000001
Logistic Regression,RFE,0.87265625
Logistic Regression,RFE,0.9246093750000001
Logistic Regression,RFE,0.920703125
Logistic Regression,RFE,0.86484375
Logistic Regression,RFE,0.9207031250000001
Logistic Regression,RFE,0.905849358974359
Logistic Regression,FSFS,0.8651903651903652
Logistic Regression,FSFS,0.956640625
Logistic Regression,FSFS,0.90234375
Logistic Regression,FSFS,0.867578125
Logistic Regression,FSFS,0.907421875
Logistic Regression,FSFS,0.95703125
Logistic Regression,FSFS,0.957421875
Logistic Regression,FSFS,0.848828125
Logistic Regression,FSFS,0.9183593750000001
Logistic Regression,FSFS,0.8982371794871795
Logistic Regression,BSFS,0.8768453768453768
Logistic Regression,BSFS,0.93125
Logistic Regression,BSFS,0.8863281249999999
Logistic Regression,BSFS,0.9054687499999999
Logistic Regression,BSFS,0.88203125
Logistic Regression,BSFS,0.9367187499999999
Logistic Regression,BSFS,0.933203125
Logistic Regression,BSFS,0.859375
Logistic Regression,BSFS,0.9335937499999999
Logistic Regression,BSFS,0.922676282051282
XGBoost,None,0.8826728826728827
XGBoost,None,0.959375
XGBoost,None,0.92109375
XGBoost,None,0.93828125
XGBoost,None,0.90703125
XGBoost,None,0.9484374999999999
XGBoost,None,0.975
XGBoost,None,0.89453125
XGBoost,None,0.9171875
XGBoost,None,0.9246794871794872
XGBoost,SHAP,0.8636363636363636
XGBoost,SHAP,0.913671875
XGBoost,SHAP,0.88125
XGBoost,SHAP,0.8921875
XGBoost,SHAP,0.927734375
XGBoost,SHAP,0.951171875
XGBoost,SHAP,0.962109375
XGBoost,SHAP,0.851171875
XGBoost,SHAP,0.89375
XGBoost,SHAP,0.9214743589743589
XGBoost,F-Test,0.8387723387723388
XGBoost,F-Test,0.933203125
XGBoost,F-Test,0.87109375
XGBoost,F-Test,0.9242187499999999
XGBoost,F-Test,0.872265625
XGBoost,F-Test,0.9421875
XGBoost,F-Test,0.94921875
XGBoost,F-Test,0.853515625
XGBoost,F-Test,0.9109375
XGBoost,F-Test,0.9330929487179487
XGBoost,Logistic L1,0.8818958818958819
XGBoost,Logistic L1,0.96015625
XGBoost,Logistic L1,0.906640625
XGBoost,Logistic L1,0.887109375
XGBoost,Logistic L1,0.874609375
XGBoost,Logistic L1,0.93125
XGBoost,Logistic L1,0.93828125
XGBoost,Logistic L1,0.8792968750000001
XGBoost,Logistic L1,0.9265625000000001
XGBoost,Logistic L1,0.9022435897435898
XGBoost,Tree-Based,0.8671328671328672
XGBoost,Tree-Based,0.9562499999999999
XGBoost,Tree-Based,0.9015625
XGBoost,Tree-Based,0.8628906249999999
XGBoost,Tree-Based,0.8640625000000001
XGBoost,Tree-Based,0.95625
XGBoost,Tree-Based,0.9640625
XGBoost,Tree-Based,0.8535156249999999
XGBoost,Tree-Based,0.874609375
XGBoost,Tree-Based,0.9114583333333333
XGBoost,RFE,0.8671328671328672
XGBoost,RFE,0.9562499999999999
XGBoost,RFE,0.9015625
XGBoost,RFE,0.8628906249999999
XGBoost,RFE,0.8640625000000001
XGBoost,RFE,0.95625
XGBoost,RFE,0.9640625
XGBoost,RFE,0.8535156249999999
XGBoost,RFE,0.874609375
XGBoost,RFE,0.9114583333333333
XGBoost,FSFS,0.8927738927738929
XGBoost,FSFS,0.9773437500000001
XGBoost,FSFS,0.88671875
XGBoost,FSFS,0.8929687500000001
XGBoost,FSFS,0.871875
XGBoost,FSFS,0.95703125
XGBoost,FSFS,0.93359375
XGBoost,FSFS,0.823828125
XGBoost,FSFS,0.88828125
XGBoost,FSFS,0.9423076923076923
XGBoost,BSFS,0.8344988344988346
XGBoost,BSFS,0.940234375
XGBoost,BSFS,0.87265625
XGBoost,BSFS,0.91953125
XGBoost,BSFS,0.90078125
XGBoost,BSFS,0.946875
XGBoost,BSFS,0.95390625
XGBoost,BSFS,0.8804687499999999
XGBoost,BSFS,0.8875
XGBoost,BSFS,0.936698717948718
KNN,None,0.872960372960373
KNN,None,0.96328125
KNN,None,0.85703125
KNN,None,0.95
KNN,None,0.87578125
KNN,None,0.9578125
KNN,None,0.95390625
KNN,None,0.8753906250000001
KNN,None,0.9140625
KNN,None,0.9174679487179487
KNN,SHAP,0.8508158508158508
KNN,SHAP,0.9085937500000001
KNN,SHAP,0.854296875
KNN,SHAP,0.9359375
KNN,SHAP,0.8738281250000001
KNN,SHAP,0.959375
KNN,SHAP,0.9222656250000001
KNN,SHAP,0.880859375
KNN,SHAP,0.9265625000000001
KNN,SHAP,0.8858173076923076
KNN,F-Test,0.8461538461538461
KNN,F-Test,0.8875
KNN,F-Test,0.8726562500000001
KNN,F-Test,0.9453125
KNN,F-Test,0.8234374999999999
KNN,F-Test,0.95625
KNN,F-Test,0.930859375
KNN,F-Test,0.85546875
KNN,F-Test,0.91640625
KNN,F-Test,0.9202724358974359
KNN,Logistic L1,0.8908313908313908
KNN,Logistic L1,0.96171875
KNN,Logistic L1,0.90390625
KNN,Logistic L1,0.888671875
KNN,Logistic L1,0.867578125
KNN,Logistic L1,0.9218750000000001
KNN,Logistic L1,0.93125
KNN,Logistic L1,0.8769531250000001
KNN,Logistic L1,0.920703125
KNN,Logistic L1,0.9166666666666667
KNN,Tree-Based,0.8690753690753691
KNN,Tree-Based,0.9546874999999999
KNN,Tree-Based,0.8937499999999999
KNN,Tree-Based,0.868359375
KNN,Tree-Based,0.8589843749999999
KNN,Tree-Based,0.9507812500000001
KNN,Tree-Based,0.9578125
KNN,Tree-Based,0.8624999999999998
KNN,Tree-Based,0.873046875
KNN,Tree-Based,0.8790064102564104
KNN,FSFS,0.8675213675213675
KNN,FSFS,0.96015625
KNN,FSFS,0.88671875
KNN,FSFS,0.8312499999999999
KNN,FSFS,0.9035156249999999
KNN,FSFS,0.9390625000000001
KNN,FSFS,0.9421875
KNN,FSFS,0.866015625
KNN,FSFS,0.88515625
KNN,FSFS,0.9018429487179487
KNN,BSFS,0.8383838383838383
KNN,BSFS,0.928125
KNN,BSFS,0.90546875
KNN,BSFS,0.9085937500000001
KNN,BSFS,0.8640625
KNN,BSFS,0.9468749999999999
KNN,BSFS,0.965625
KNN,BSFS,0.84375
KNN,BSFS,0.903125
KNN,BSFS,0.8681891025641026
SVC Radial,None,0.8679098679098679
SVC Radial,None,0.965625
SVC Radial,None,0.91015625
SVC Radial,None,0.9312499999999999
SVC Radial,None,0.90546875
SVC Radial,None,0.97421875
SVC Radial,None,0.9609375
SVC Radial,None,0.87890625
SVC Radial,None,0.9390625
SVC Radial,None,0.9078525641025641
SVC Radial,SHAP,0.8438228438228438
SVC Radial,SHAP,0.9140625
SVC Radial,SHAP,0.8062499999999999
SVC Radial,SHAP,0.833984375
SVC Radial,SHAP,0.852734375
SVC Radial,SHAP,0.95390625
SVC Radial,SHAP,0.9453125
SVC Radial,SHAP,0.8328125
SVC Radial,SHAP,0.9078125
SVC Radial,SHAP,0.8886217948717949
SVC Radial,F-Test,0.8205128205128206
SVC Radial,F-Test,0.9296875
SVC Radial,F-Test,0.83828125
SVC Radial,F-Test,0.90703125
SVC Radial,F-Test,0.869921875
SVC Radial,F-Test,0.95
SVC Radial,F-Test,0.9359375
SVC Radial,F-Test,0.8460937500000001
SVC Radial,F-Test,0.9015625000000002
SVC Radial,F-Test,0.9002403846153846
SVC Radial,Logistic L1,0.8391608391608393
SVC Radial,Logistic L1,0.95859375
SVC Radial,Logistic L1,0.902734375
SVC Radial,Logistic L1,0.881640625
SVC Radial,Logistic L1,0.8761718749999999
SVC Radial,Logistic L1,0.928125
SVC Radial,Logistic L1,0.91953125
SVC Radial,Logistic L1,0.8285156250000001
SVC Radial,Logistic L1,0.890625
SVC Radial,Logistic L1,0.9086538461538461
SVC Radial,Tree-Based,0.8648018648018648
SVC Radial,Tree-Based,0.8992187500000001
SVC Radial,Tree-Based,0.8843750000000001
SVC Radial,Tree-Based,0.841796875
SVC Radial,Tree-Based,0.8546875
SVC Radial,Tree-Based,0.9375
SVC Radial,Tree-Based,0.9125
SVC Radial,Tree-Based,0.8511718749999999
SVC Radial,Tree-Based,0.899609375
SVC Radial,Tree-Based,0.8890224358974359
SVC Radial,FSFS,0.8535353535353536
SVC Radial,FSFS,0.95703125
SVC Radial,FSFS,0.903515625
SVC Radial,FSFS,0.875
SVC Radial,FSFS,0.8550781249999999
SVC Radial,FSFS,0.94765625
SVC Radial,FSFS,0.951171875
SVC Radial,FSFS,0.834375
SVC Radial,FSFS,0.897265625
SVC Radial,FSFS,0.9038461538461537
SVC Radial,BSFS,0.8344988344988344
SVC Radial,BSFS,0.9429687500000001
SVC Radial,BSFS,0.8328125
SVC Radial,BSFS,0.8402343750000001
SVC Radial,BSFS,0.8656250000000001
SVC Radial,BSFS,0.953125
SVC Radial,BSFS,0.948828125
SVC Radial,BSFS,0.847265625
SVC Radial,BSFS,0.9203125
SVC Radial,BSFS,0.8894230769230769
Decision Tree,None,0.8065268065268064
Decision Tree,None,0.834375
Decision Tree,None,0.78125
Decision Tree,None,0.8
Decision Tree,None,0.7375
Decision Tree,None,0.875
Decision Tree,None,0.7437500000000001
Decision Tree,None,0.759375
Decision Tree,None,0.834375
Decision Tree,None,0.7439903846153846
Decision Tree,SHAP,0.7377622377622378
Decision Tree,SHAP,0.7957031250000001
Decision Tree,SHAP,0.671875
Decision Tree,SHAP,0.7875
Decision Tree,SHAP,0.7125
Decision Tree,SHAP,0.787890625
Decision Tree,SHAP,0.784375
Decision Tree,SHAP,0.70625
Decision Tree,SHAP,0.79375
Decision Tree,SHAP,0.8052884615384616
Decision Tree,F-Test,0.7276612276612276
Decision Tree,F-Test,0.7925781249999999
Decision Tree,F-Test,0.796875
Decision Tree,F-Test,0.821875
Decision Tree,F-Test,0.67265625
Decision Tree,F-Test,0.809375
Decision Tree,F-Test,0.826171875
Decision Tree,F-Test,0.757421875
Decision Tree,F-Test,0.81640625
Decision Tree,F-Test,0.8665865384615384
Decision Tree,Logistic L1,0.8850038850038849
Decision Tree,Logistic L1,0.9609375
Decision Tree,Logistic L1,0.8984375
Decision Tree,Logistic L1,0.8875000000000001
Decision Tree,Logistic L1,0.880078125
Decision Tree,Logistic L1,0.93125
Decision Tree,Logistic L1,0.94140625
Decision Tree,Logistic L1,0.8769531250000001
Decision Tree,Logistic L1,0.9136718749999999
Decision Tree,Logistic L1,0.8946314102564104
Decision Tree,Tree-Based,0.8714063714063714
Decision Tree,Tree-Based,0.9562499999999999
Decision Tree,Tree-Based,0.878125
Decision Tree,Tree-Based,0.86484375
Decision Tree,Tree-Based,0.858203125
Decision Tree,Tree-Based,0.9554687500000001
Decision Tree,Tree-Based,0.965625
Decision Tree,Tree-Based,0.8449218749999998
Decision Tree,Tree-Based,0.874609375
Decision Tree,Tree-Based,0.8766025641025641
Decision Tree,RFE,0.6748251748251748
Decision Tree,RFE,0.834375
Decision Tree,RFE,0.75625
Decision Tree,RFE,0.8644531249999999
Decision Tree,RFE,0.729296875
Decision Tree,RFE,0.8644531249999999
Decision Tree,RFE,0.8640625000000001
Decision Tree,RFE,0.746875
Decision Tree,RFE,0.753125
Decision Tree,RFE,0.7395833333333333
Decision Tree,FSFS,0.8605283605283606
Decision Tree,FSFS,0.94453125
Decision Tree,FSFS,0.873828125
Decision Tree,FSFS,0.8734375
Decision Tree,FSFS,0.904296875
Decision Tree,FSFS,0.948828125
Decision Tree,FSFS,0.9546875
Decision Tree,FSFS,0.84296875
Decision Tree,FSFS,0.8863281249999999
Decision Tree,FSFS,0.8826121794871793
Decision Tree,BSFS,0.8628593628593628
Decision Tree,BSFS,0.96015625
Decision Tree,BSFS,0.88671875
Decision Tree,BSFS,0.8300781249999999
Decision Tree,BSFS,0.90546875
Decision Tree,BSFS,0.9390625000000001
Decision Tree,BSFS,0.9421875
Decision Tree,BSFS,0.858984375
Decision Tree,BSFS,0.8921875
Decision Tree,BSFS,0.8938301282051282
RF,None,0.8745143745143745
RF,None,0.964453125
RF,None,0.903125
RF,None,0.9468749999999999
RF,None,0.91484375
RF,None,0.9624999999999999
RF,None,0.96015625
RF,None,0.894140625
RF,None,0.8984375
RF,None,0.907051282051282
RF,SHAP,0.824009324009324
RF,SHAP,0.912890625
RF,SHAP,0.873046875
RF,SHAP,0.91875
RF,SHAP,0.863671875
RF,SHAP,0.924609375
RF,SHAP,0.92578125
RF,SHAP,0.852734375
RF,SHAP,0.8968750000000001
RF,SHAP,0.9162660256410257
RF,F-Test,0.8302253302253302
RF,F-Test,0.915234375
RF,F-Test,0.8722656250000002
RF,F-Test,0.9253906249999999
RF,F-Test,0.864453125
RF,F-Test,0.926171875
RF,F-Test,0.92578125
RF,F-Test,0.86015625
RF,F-Test,0.8953125000000001
RF,F-Test,0.9118589743589745
RF,Logistic L1,0.8842268842268842
RF,Logistic L1,0.95390625
RF,Logistic L1,0.895703125
RF,Logistic L1,0.8941406249999999
RF,Logistic L1,0.873828125
RF,Logistic L1,0.9289062499999999
RF,Logistic L1,0.93828125
RF,Logistic L1,0.8792968750000001
RF,Logistic L1,0.9203125000000001
RF,Logistic L1,0.9062499999999999
RF,Tree-Based,0.864024864024864
RF,Tree-Based,0.9546874999999999
RF,Tree-Based,0.896875
RF,Tree-Based,0.8667968749999999
RF,Tree-Based,0.86953125
RF,Tree-Based,0.95703125
RF,Tree-Based,0.965625
RF,Tree-Based,0.8457031249999999
RF,Tree-Based,0.874609375
RF,Tree-Based,0.8978365384615385
RF,RFE,0.8197358197358198
RF,RFE,0.933984375
RF,RFE,0.833203125
RF,RFE,0.938671875
RF,RFE,0.8515625
RF,RFE,0.943359375
RF,RFE,0.915234375
RF,RFE,0.8464843750000001
RF,RFE,0.877734375
RF,RFE,0.9082532051282052
RF,FSFS,0.8682983682983683
RF,FSFS,0.959375
RF,FSFS,0.909375
RF,FSFS,0.8515624999999999
RF,FSFS,0.8941406250000001
RF,FSFS,0.940625
RF,FSFS,0.946875
RF,FSFS,0.859375
RF,FSFS,0.89140625
RF,FSFS,0.8930288461538461
RF,BSFS,0.8341103341103342
RF,BSFS,0.933203125
RF,BSFS,0.8871093749999999
RF,BSFS,0.8882812499999999
RF,BSFS,0.9484374999999999
RF,BSFS,0.9554687499999999
RF,BSFS,0.91875
RF,BSFS,0.8519531250000001
RF,BSFS,0.903125
RF,BSFS,0.9022435897435898
AdaBoost,None,0.8857808857808858
AdaBoost,None,0.961328125
AdaBoost,None,0.8937499999999999
AdaBoost,None,0.9359375000000001
AdaBoost,None,0.8976562499999999
AdaBoost,None,0.9624999999999999
AdaBoost,None,0.968359375
AdaBoost,None,0.88984375
AdaBoost,None,0.9292968749999999
AdaBoost,None,0.9254807692307692
AdaBoost,SHAP,0.8764568764568765
AdaBoost,SHAP,0.95390625
AdaBoost,SHAP,0.861328125
AdaBoost,SHAP,0.92265625
AdaBoost,SHAP,0.848046875
AdaBoost,SHAP,0.92890625
AdaBoost,SHAP,0.917578125
AdaBoost,SHAP,0.90625
AdaBoost,SHAP,0.9234374999999999
AdaBoost,SHAP,0.9134615384615385
AdaBoost,F-Test,0.8228438228438228
AdaBoost,F-Test,0.940625
AdaBoost,F-Test,0.8718750000000001
AdaBoost,F-Test,0.900390625
AdaBoost,F-Test,0.855859375
AdaBoost,F-Test,0.947265625
AdaBoost,F-Test,0.9375
AdaBoost,F-Test,0.854296875
AdaBoost,F-Test,0.909765625
AdaBoost,F-Test,0.9166666666666666
AdaBoost,Logistic L1,0.8787878787878788
AdaBoost,Logistic L1,0.95234375
AdaBoost,Logistic L1,0.9066406250000001
AdaBoost,Logistic L1,0.880078125
AdaBoost,Logistic L1,0.877734375
AdaBoost,Logistic L1,0.92421875
AdaBoost,Logistic L1,0.9242187500000001
AdaBoost,Logistic L1,0.884765625
AdaBoost,Logistic L1,0.91484375
AdaBoost,Logistic L1,0.9038461538461539
AdaBoost,Tree-Based,0.8632478632478633
AdaBoost,Tree-Based,0.953125
AdaBoost,Tree-Based,0.9085937500000001
AdaBoost,Tree-Based,0.8675781250000001
AdaBoost,Tree-Based,0.8796875000000001
AdaBoost,Tree-Based,0.9515625000000001
AdaBoost,Tree-Based,0.9539062500000001
AdaBoost,Tree-Based,0.876953125
AdaBoost,Tree-Based,0.8957031249999999
AdaBoost,Tree-Based,0.9178685897435898
AdaBoost,RFE,0.836052836052836
AdaBoost,RFE,0.951953125
AdaBoost,RFE,0.861328125
AdaBoost,RFE,0.900390625
AdaBoost,RFE,0.8714843750000001
AdaBoost,RFE,0.9593750000000001
AdaBoost,RFE,0.9324218750000001
AdaBoost,RFE,0.8550781249999999
AdaBoost,RFE,0.905859375
AdaBoost,RFE,0.9030448717948718
AdaBoost,FSFS,0.8725718725718726
AdaBoost,FSFS,0.96640625
AdaBoost,FSFS,0.884765625
AdaBoost,FSFS,0.890625
AdaBoost,FSFS,0.9015625
AdaBoost,FSFS,0.97265625
AdaBoost,FSFS,0.939453125
AdaBoost,FSFS,0.88125
AdaBoost,FSFS,0.9125
AdaBoost,FSFS,0.9026442307692308
AdaBoost,BSFS,0.8834498834498834
AdaBoost,BSFS,0.9656250000000001
AdaBoost,BSFS,0.873046875
AdaBoost,BSFS,0.8890625
AdaBoost,BSFS,0.880078125
AdaBoost,BSFS,0.960546875
AdaBoost,BSFS,0.9398437500000001
AdaBoost,BSFS,0.896484375
AdaBoost,BSFS,0.891796875
AdaBoost,BSFS,0.9194711538461539
Gaussian NB,None,0.8842268842268841
Gaussian NB,None,0.94140625
Gaussian NB,None,0.85234375
Gaussian NB,None,0.9359375
Gaussian NB,None,0.89765625
Gaussian NB,None,0.9554687499999999
Gaussian NB,None,0.96328125
Gaussian NB,None,0.840625
Gaussian NB,None,0.8749999999999999
Gaussian NB,None,0.8862179487179487
Gaussian NB,SHAP,0.8329448329448329
Gaussian NB,SHAP,0.9328125
Gaussian NB,SHAP,0.83828125
Gaussian NB,SHAP,0.8968750000000001
Gaussian NB,SHAP,0.872265625
Gaussian NB,SHAP,0.9421875
Gaussian NB,SHAP,0.91875
Gaussian NB,SHAP,0.8484375
Gaussian NB,SHAP,0.90625
Gaussian NB,SHAP,0.9106570512820513
Gaussian NB,F-Test,0.8329448329448329
Gaussian NB,F-Test,0.9328125
Gaussian NB,F-Test,0.83828125
Gaussian NB,F-Test,0.8968750000000001
Gaussian NB,F-Test,0.872265625
Gaussian NB,F-Test,0.9421875
Gaussian NB,F-Test,0.91875
Gaussian NB,F-Test,0.8484375
Gaussian NB,F-Test,0.90625
Gaussian NB,F-Test,0.9106570512820513
Gaussian NB,Logistic L1,0.8702408702408703
Gaussian NB,Logistic L1,0.94921875
Gaussian NB,Logistic L1,0.876171875
Gaussian NB,Logistic L1,0.868359375
Gaussian NB,Logistic L1,0.880859375
Gaussian NB,Logistic L1,0.93046875
Gaussian NB,Logistic L1,0.9203125
Gaussian NB,Logistic L1,0.8777343750000001
Gaussian NB,Logistic L1,0.8875
Gaussian NB,Logistic L1,0.8926282051282051
Gaussian NB,Tree-Based,0.8702408702408702
Gaussian NB,Tree-Based,0.934375
Gaussian NB,Tree-Based,0.8773437500000001
Gaussian NB,Tree-Based,0.848828125
Gaussian NB,Tree-Based,0.8742187499999999
Gaussian NB,Tree-Based,0.9421875
Gaussian NB,Tree-Based,0.9429687499999999
Gaussian NB,Tree-Based,0.8785156249999999
Gaussian NB,Tree-Based,0.855859375
Gaussian NB,Tree-Based,0.9002403846153847
Gaussian NB,FSFS,0.8609168609168609
Gaussian NB,FSFS,0.95
Gaussian NB,FSFS,0.86015625
Gaussian NB,FSFS,0.9203125
Gaussian NB,FSFS,0.8660156250000001
Gaussian NB,FSFS,0.95859375
Gaussian NB,FSFS,0.9386718749999999
Gaussian NB,FSFS,0.869921875
Gaussian NB,FSFS,0.9328125
Gaussian NB,FSFS,0.9078525641025641
Gaussian NB,BSFS,0.8609168609168609
Gaussian NB,BSFS,0.95
Gaussian NB,BSFS,0.86015625
Gaussian NB,BSFS,0.9203125
Gaussian NB,BSFS,0.8660156250000001
Gaussian NB,BSFS,0.95859375
Gaussian NB,BSFS,0.9386718749999999
Gaussian NB,BSFS,0.869921875
Gaussian NB,BSFS,0.9328125
Gaussian NB,BSFS,0.9078525641025641
