panel,method,kruskal_p,dunn_p_vs_none,sig
All Classifiers,SHAP,0.0008058579943553567,0.024367749930039345,*
All Classifiers,F-Test,0.0008058579943553567,0.02013952139357515,*
All Classifiers,Logistic L1,0.0008058579943553567,1.0,ns
All Classifiers,Tree-Based,0.0008058579943553567,0.7752845182497485,ns
All Classifiers,RFE,0.0008058579943553567,0.025377504036481948,*
All Classifiers,FSFS,0.0008058579943553567,1.0,ns
All Classifiers,BSFS,0.0008058579943553567,1.0,ns
Logistic Regression,SHAP,0.8457462558837598,1.0,ns
Logistic Regression,F-Test,0.8457462558837598,1.0,ns
Logistic Regression,Logistic L1,0.8457462558837598,1.0,ns
Logistic Regression,Tree-Based,0.8457462558837598,1.0,ns
Logistic Regression,RFE,0.8457462558837598,1.0,ns
Logistic Regression,FSFS,0.8457462558837598,1.0,ns
Logistic Regression,BSFS,0.8457462558837598,1.0,ns
XGBoost,SHAP,0.814908454105557,1.0,ns
XGBoost,F-Test,0.814908454105557,1.0,ns
XGBoost,Logistic L1,0.814908454105557,1.0,ns
XGBoost,Tree-Based,0.814908454105557,1.0,ns
XGBoost,RFE,0.814908454105557,1.0,ns
XGBoost,FSFS,0.814908454105557,1.0,ns
XGBoost,BSFS,0.814908454105557,1.0,ns
KNN,SHAP,0.9037568180046385,1.0,ns
KNN,F-Test,0.9037568180046385,1.0,ns
KNN,Logistic L1,0.9037568180046385,1.0,ns
KNN,Tree-Based,0.9037568180046385,1.0,ns
KNN,FSFS,0.9037568180046385,1.0,ns
KNN,BSFS,0.9037568180046385,1.0,ns
SVC Radial,SHAP,0.29399503319122483,0.3986651827036316,ns
SVC Radial,F-Test,0.29399503319122483,1.0,ns
SVC Radial,Logistic L1,0.29399503319122483,1.0,ns
SVC Radial,Tree-Based,0.29399503319122483,0.604322659286999,ns
SVC Radial,FSFS,0.29399503319122483,1.0,ns
SVC Radial,BSFS,0.29399503319122483,1.0,ns
Decision Tree,SHAP,1.7719463930408387e-09,1.0,ns
Decision Tree,F-Test,1.7719463930408387e-09,1.0,ns
Decision Tree,Logistic L1,1.7719463930408387e-09,0.0029491308302528837,**
Decision Tree,Tree-Based,1.7719463930408387e-09,0.056248997444788375,ns
Decision Tree,RFE,1.7719463930408387e-09,1.0,ns
Decision Tree,FSFS,1.7719463930408387e-09,0.030962546789545502,*
Decision Tree,BSFS,1.7719463930408387e-09,0.02521740849903099,*
RF,SHAP,0.6571659805245575,1.0,ns
RF,F-Test,0.6571659805245575,1.0,ns
RF,Logistic L1,0.6571659805245575,1.0,ns
RF,Tree-Based,0.6571659805245575,1.0,ns
RF,RFE,0.6571659805245575,1.0,ns
RF,FSFS,0.6571659805245575,1.0,ns
RF,BSFS,0.6571659805245575,1.0,ns
AdaBoost,SHAP,0.7421574429411295,1.0,ns
AdaBoost,F-Test,0.7421574429411295,1.0,ns
AdaBoost,Logistic L1,0.7421574429411295,1.0,ns
AdaBoost,Tree-Based,0.7421574429411295,1.0,ns
AdaBoost,RFE,0.7421574429411295,1.0,ns
AdaBoost,FSFS,0.7421574429411295,1.0,ns
AdaBoost,BSFS,0.7421574429411295,1.0,ns
Gaussian NB,SHAP,0.9190175690312039,1.0,ns
Gaussian NB,F-Test,0.9190175690312039,1.0,ns
Gaussian NB,Logistic L1,0.9190175690312039,1.0,ns
Gaussian NB,Tree-Based,0.9190175690312039,1.0,ns
Gaussian NB,FSFS,0.9190175690312039,1.0,ns
Gaussian NB,BSFS,0.9190175690312039,1.0,ns
