n_features,AUROC (our Table III order),AUROC (paper Table III order)
1,0.7760839160839161,0.7760839160839161
2,0.8544548550407927,0.8544548550407927
3,0.8769786203379952,0.8810749320124319
4,0.8937911871114995,0.9001600135975135
5,0.9066722210081585,0.9066722210081585
6,0.9071532634032632,0.9103968470765347
7,0.9102248445998447,0.9189156286421912
8,0.9234164663461538,0.9235336538461537
9,0.9304637723387724,0.9204294750388499
10,0.9294996843434342,0.9293434343434341
11,0.9276919434731934,0.9287898212898213
12,0.9302733464452215,0.9296367521367521
13,0.92996114996115,0.92988302496115
14,0.9273642676767677,0.9282368152680652
15,0.9267384178321679,0.926816542832168
