seed,test_auroc,test_cvd_fraction
0,0.9103593036177307,0.5055555555555555
1,0.9286984126984127,0.5833333333333334
2,0.8643973214285714,0.5333333333333333
3,0.8967633928571428,0.5333333333333333
4,0.9402668661927921,0.55
5,0.8975282573593342,0.5388888888888889
6,0.892888888888889,0.5833333333333334
7,0.8802219728145654,0.55
8,0.8970495523893582,0.5722222222222222
9,0.8676506916996047,0.4888888888888889
10,0.8647336983573919,0.5444444444444444
11,0.8888265369746852,0.55
12,0.9274761186525893,0.5666666666666667
13,0.8807430340557276,0.5277777777777778
14,0.8774282491540293,0.5611111111111111
15,0.8770835905667367,0.5055555555555555
16,0.9209375,0.5555555555555556
17,0.9003850453359832,0.5388888888888889
18,0.853360615079365,0.5333333333333333
19,0.8793081839829552,0.5611111111111111
20,0.9189723320158103,0.5111111111111111
21,0.9354898565066798,0.5222222222222223
22,0.910300925925926,0.6
23,0.8603531300160513,0.49444444444444446
24,0.8730417345532021,0.5611111111111111
25,0.8623286825534016,0.49444444444444446
26,0.8786188745456823,0.5611111111111111
27,0.8824839188520535,0.4777777777777778
28,0.896513010170387,0.6277777777777778
29,0.8848051619433199,0.5777777777777777
30,0.8898273506396721,0.5388888888888889
31,0.8346749226006193,0.5277777777777778
32,0.908398412495199,0.5944444444444444
33,0.8916996536368135,0.5222222222222223
34,0.87225,0.5555555555555556
35,0.9027272727272728,0.6111111111111112
36,0.9013592717296421,0.55
37,0.9100506235337695,0.49444444444444446
38,0.896594427244582,0.5277777777777778
39,0.9154375,0.5555555555555556
40,0.9085595776772247,0.5666666666666667
41,0.9255453284579498,0.5722222222222222
42,0.8722785749628897,0.5222222222222223
43,0.9066077650572425,0.5444444444444444
44,0.9315625000000001,0.5555555555555556
45,0.9073065015479876,0.5277777777777778
46,0.9111417470861011,0.5611111111111111
47,0.8731875,0.5555555555555556
48,0.8501364087301587,0.5333333333333333
49,0.910351784138192,0.5722222222222222
