Feature,Level,No CVD (ours),No CVD (paper),No CVD match,CVD (ours),CVD (paper),CVD match
Sex,F,143 (16%),143 (16%),True,50 (5%),50 (5%),True
Sex,M,267 (29%),267 (29%),True,458 (50%),458 (50%),True
ChestPainType,TA,26 (3%),26 (3%),True,20 (2%),20 (2%),True
ChestPainType,ATA,149 (16%),149 (16%),True,24 (3%),24 (3%),True
ChestPainType,NAP,131 (14%),131 (14%),True,72 (8%),72 (8%),True
ChestPainType,ASY,104 (11%),104 (11%),True,392 (43%),392 (43%),True
FastingBS,0,366 (40%),266 (29%),False,338 (37%),338 (37%),True
FastingBS,1,44 (5%),44 (5%),True,170 (19%),170 (19%),True
RestingECG,Normal,267 (29%),267 (29%),True,285 (31%),285 (31%),True
RestingECG,ST,61 (7%),61 (7%),True,117 (13%),117 (13%),True
RestingECG,LVH,82 (9%),82 (9%),True,106 (12%),106 (12%),True
ST_Slope,Up,317 (35%),317 (35%),True,78 (8%),78 (8%),True
ST_Slope,Flat,79 (9%),79 (9%),True,381 (42%),381 (42%),True
ST_Slope,Down,14 (2%),14 (2%),True,49 (5%),49 (5%),True
ExerciseAngina,N,355 (39%),355 (39%),True,192 (21%),192 (21%),True
ExerciseAngina,Y,55 (6%),55 (6%),True,316 (34%),316 (34%),True
