,Logistic Regression,XGBoost,KNN,SVC Radial,RF,AdaBoost,Gaussian NB,Average (all classifiers),Stdev (all classifiers)
ST_Slope_Flat,1.0,1.0,1.1667,1.0,1.4286,1.4286,1.3333,1.1939,0.2013
ExerciseAngina_Y,3.8571,2.2857,3.0,2.3333,3.2857,2.7143,2.3333,2.8299,0.5908
ChestPainType_ATA,3.8571,4.5714,5.0,3.3333,5.4286,4.2857,4.6667,4.449,0.7009
Sex_M,4.4286,4.7143,5.5,4.8333,5.0,4.8571,5.3333,4.9524,0.3655
Oldpeak,5.1429,5.1429,6.5,6.5,5.2857,6.5714,4.8333,5.7109,0.7727
ChestPainType_NAP,5.5714,7.1429,7.5,6.8333,8.0,6.2857,6.6667,6.8571,0.7976
FastingBS,6.4286,7.7143,6.5,6.6667,7.2857,7.4286,7.0,7.0034,0.4938
Cholesterol,8.8571,8.4286,7.5,11.3333,7.4286,6.2857,7.3333,8.1667,1.6225
MaxHR,11.0,7.2857,6.6667,9.5,6.8571,7.5714,8.5,8.1973,1.5814
Age,10.5714,10.8571,10.5,8.3333,9.4286,11.2857,9.1667,10.0204,1.0615
ST_Slope_Down,9.4286,12.2857,11.3333,11.5,11.1429,10.5714,12.3333,11.2279,1.0085
RestingECG_LVH,12.0,10.5714,10.1667,12.5,10.2857,11.9286,11.6667,11.3027,0.9402
RestingBP,13.2143,11.0714,12.75,10.0833,11.7857,13.1429,12.4167,12.0663,1.1596
ChestPainType_TA,10.5714,13.0,12.3333,12.3333,13.2857,12.7857,12.8333,12.449,0.896
RestingECG_ST,14.0714,13.9286,13.5833,12.9167,14.0714,12.8571,13.5833,13.5731,0.511
AUROC (top 5 features),0.9015,0.9067,0.8728,0.8779,0.884,0.9099,0.8936,0.8923,0.0145
AUROC (all features),0.924,0.9268,0.9138,0.9241,0.9226,0.925,0.9032,0.9199,0.0085
